image,class
PF-dataset-PASCAL/JPEGImages/2007_000187.jpg,20
PF-dataset-PASCAL/JPEGImages/2007_000549.jpg,8
PF-dataset-PASCAL/JPEGImages/2007_000584.jpg,2
PF-dataset-PASCAL/JPEGImages/2007_000663.jpg,6
PF-dataset-PASCAL/JPEGImages/2007_001704.jpg,20
PF-dataset-PASCAL/JPEGImages/2007_002227.jpg,2
PF-dataset-PASCAL/JPEGImages/2007_002445.jpg,8
PF-dataset-PASCAL/JPEGImages/2007_002618.jpg,17
PF-dataset-PASCAL/JPEGImages/2007_003022.jpg,13
PF-dataset-PASCAL/JPEGImages/2007_003143.jpg,7
PF-dataset-PASCAL/JPEGImages/2007_003188.jpg,2
PF-dataset-PASCAL/JPEGImages/2007_003503.jpg,6
PF-dataset-PASCAL/JPEGImages/2007_003711.jpg,6
PF-dataset-PASCAL/JPEGImages/2007_003715.jpg,6
PF-dataset-PASCAL/JPEGImages/2007_004003.jpg,14
PF-dataset-PASCAL/JPEGImages/2007_004065.jpg,6
PF-dataset-PASCAL/JPEGImages/2007_004468.jpg,5
PF-dataset-PASCAL/JPEGImages/2007_004769.jpg,2
PF-dataset-PASCAL/JPEGImages/2007_004856.jpg,8
PF-dataset-PASCAL/JPEGImages/2007_005124.jpg,10
PF-dataset-PASCAL/JPEGImages/2007_005331.jpg,13
PF-dataset-PASCAL/JPEGImages/2007_005702.jpg,2
PF-dataset-PASCAL/JPEGImages/2007_005911.jpg,6
PF-dataset-PASCAL/JPEGImages/2007_005951.jpg,14
PF-dataset-PASCAL/JPEGImages/2007_006212.jpg,1
PF-dataset-PASCAL/JPEGImages/2007_006641.jpg,8
PF-dataset-PASCAL/JPEGImages/2007_006704.jpg,20
PF-dataset-PASCAL/JPEGImages/2007_007109.jpg,13
PF-dataset-PASCAL/JPEGImages/2007_007480.jpg,6
PF-dataset-PASCAL/JPEGImages/2007_007591.jpg,6
PF-dataset-PASCAL/JPEGImages/2007_007948.jpg,7
PF-dataset-PASCAL/JPEGImages/2007_008575.jpg,8
PF-dataset-PASCAL/JPEGImages/2007_008747.jpg,6
PF-dataset-PASCAL/JPEGImages/2007_009258.jpg,2
PF-dataset-PASCAL/JPEGImages/2007_009446.jpg,20
PF-dataset-PASCAL/JPEGImages/2007_009724.jpg,8
PF-dataset-PASCAL/JPEGImages/2007_009756.jpg,14
PF-dataset-PASCAL/JPEGImages/2007_009788.jpg,2
PF-dataset-PASCAL/JPEGImages/2008_000002.jpg,20
PF-dataset-PASCAL/JPEGImages/2008_000023.jpg,20
PF-dataset-PASCAL/JPEGImages/2008_000033.jpg,1
PF-dataset-PASCAL/JPEGImages/2008_000045.jpg,19
PF-dataset-PASCAL/JPEGImages/2008_000056.jpg,8
PF-dataset-PASCAL/JPEGImages/2008_000066.jpg,12
PF-dataset-PASCAL/JPEGImages/2008_000089.jpg,9
PF-dataset-PASCAL/JPEGImages/2008_000109.jpg,7
PF-dataset-PASCAL/JPEGImages/2008_000120.jpg,4
PF-dataset-PASCAL/JPEGImages/2008_000133.jpg,2
PF-dataset-PASCAL/JPEGImages/2008_000142.jpg,13
PF-dataset-PASCAL/JPEGImages/2008_000145.jpg,20
PF-dataset-PASCAL/JPEGImages/2008_000183.jpg,12
PF-dataset-PASCAL/JPEGImages/2008_000188.jpg,16
PF-dataset-PASCAL/JPEGImages/2008_000207.jpg,15
PF-dataset-PASCAL/JPEGImages/2008_000244.jpg,20
PF-dataset-PASCAL/JPEGImages/2008_000330.jpg,12
PF-dataset-PASCAL/JPEGImages/2008_000399.jpg,7
PF-dataset-PASCAL/JPEGImages/2008_000401.jpg,8
PF-dataset-PASCAL/JPEGImages/2008_000519.jpg,15
PF-dataset-PASCAL/JPEGImages/2008_000536.jpg,8
PF-dataset-PASCAL/JPEGImages/2008_000581.jpg,8
PF-dataset-PASCAL/JPEGImages/2008_000602.jpg,13
PF-dataset-PASCAL/JPEGImages/2008_000657.jpg,19
PF-dataset-PASCAL/JPEGImages/2008_000662.jpg,15
PF-dataset-PASCAL/JPEGImages/2008_000689.jpg,14
PF-dataset-PASCAL/JPEGImages/2008_000705.jpg,15
PF-dataset-PASCAL/JPEGImages/2008_000719.jpg,15
PF-dataset-PASCAL/JPEGImages/2008_000724.jpg,8
PF-dataset-PASCAL/JPEGImages/2008_000731.jpg,15
PF-dataset-PASCAL/JPEGImages/2008_000733.jpg,15
PF-dataset-PASCAL/JPEGImages/2008_000737.jpg,15
PF-dataset-PASCAL/JPEGImages/2008_000745.jpg,15
PF-dataset-PASCAL/JPEGImages/2008_000825.jpg,15
PF-dataset-PASCAL/JPEGImages/2008_000839.jpg,8
PF-dataset-PASCAL/JPEGImages/2008_000875.jpg,15
PF-dataset-PASCAL/JPEGImages/2008_000901.jpg,12
PF-dataset-PASCAL/JPEGImages/2008_000916.jpg,19
PF-dataset-PASCAL/JPEGImages/2008_000934.jpg,12
PF-dataset-PASCAL/JPEGImages/2008_000936.jpg,15
PF-dataset-PASCAL/JPEGImages/2008_001022.jpg,6
PF-dataset-PASCAL/JPEGImages/2008_001030.jpg,18
PF-dataset-PASCAL/JPEGImages/2008_001092.jpg,18
PF-dataset-PASCAL/JPEGImages/2008_001114.jpg,19
PF-dataset-PASCAL/JPEGImages/2008_001168.jpg,14
PF-dataset-PASCAL/JPEGImages/2008_001169.jpg,19
PF-dataset-PASCAL/JPEGImages/2008_001170.jpg,15
PF-dataset-PASCAL/JPEGImages/2008_001171.jpg,13
PF-dataset-PASCAL/JPEGImages/2008_001194.jpg,3
PF-dataset-PASCAL/JPEGImages/2008_001249.jpg,15
PF-dataset-PASCAL/JPEGImages/2008_001260.jpg,4
PF-dataset-PASCAL/JPEGImages/2008_001335.jpg,8
PF-dataset-PASCAL/JPEGImages/2008_001359.jpg,10
PF-dataset-PASCAL/JPEGImages/2008_001399.jpg,18
PF-dataset-PASCAL/JPEGImages/2008_001428.jpg,20
PF-dataset-PASCAL/JPEGImages/2008_001446.jpg,7
PF-dataset-PASCAL/JPEGImages/2008_001460.jpg,16
PF-dataset-PASCAL/JPEGImages/2008_001479.jpg,12
PF-dataset-PASCAL/JPEGImages/2008_001504.jpg,15
PF-dataset-PASCAL/JPEGImages/2008_001626.jpg,2
PF-dataset-PASCAL/JPEGImages/2008_001631.jpg,14
PF-dataset-PASCAL/JPEGImages/2008_001676.jpg,12
PF-dataset-PASCAL/JPEGImages/2008_001691.jpg,14
PF-dataset-PASCAL/JPEGImages/2008_001715.jpg,9
PF-dataset-PASCAL/JPEGImages/2008_001741.jpg,8
PF-dataset-PASCAL/JPEGImages/2008_001783.jpg,9
PF-dataset-PASCAL/JPEGImages/2008_001866.jpg,19
PF-dataset-PASCAL/JPEGImages/2008_001871.jpg,12
PF-dataset-PASCAL/JPEGImages/2008_001910.jpg,15
PF-dataset-PASCAL/JPEGImages/2008_001937.jpg,15
PF-dataset-PASCAL/JPEGImages/2008_001992.jpg,13
PF-dataset-PASCAL/JPEGImages/2008_002052.jpg,15
PF-dataset-PASCAL/JPEGImages/2008_002066.jpg,20
PF-dataset-PASCAL/JPEGImages/2008_002114.jpg,11
PF-dataset-PASCAL/JPEGImages/2008_002119.jpg,18
PF-dataset-PASCAL/JPEGImages/2008_002205.jpg,6
PF-dataset-PASCAL/JPEGImages/2008_002272.jpg,15
PF-dataset-PASCAL/JPEGImages/2008_002279.jpg,19
PF-dataset-PASCAL/JPEGImages/2008_002288.jpg,9
PF-dataset-PASCAL/JPEGImages/2008_002294.jpg,8
PF-dataset-PASCAL/JPEGImages/2008_002372.jpg,5
PF-dataset-PASCAL/JPEGImages/2008_002379.jpg,16
PF-dataset-PASCAL/JPEGImages/2008_002418.jpg,2
PF-dataset-PASCAL/JPEGImages/2008_002429.jpg,3
PF-dataset-PASCAL/JPEGImages/2008_002464.jpg,20
PF-dataset-PASCAL/JPEGImages/2008_002473.jpg,7
PF-dataset-PASCAL/JPEGImages/2008_002533.jpg,15
PF-dataset-PASCAL/JPEGImages/2008_002547.jpg,20
PF-dataset-PASCAL/JPEGImages/2008_002568.jpg,15
PF-dataset-PASCAL/JPEGImages/2008_002576.jpg,15
PF-dataset-PASCAL/JPEGImages/2008_002601.jpg,9
PF-dataset-PASCAL/JPEGImages/2008_002625.jpg,4
PF-dataset-PASCAL/JPEGImages/2008_002631.jpg,15
PF-dataset-PASCAL/JPEGImages/2008_002680.jpg,20
PF-dataset-PASCAL/JPEGImages/2008_002700.jpg,15
PF-dataset-PASCAL/JPEGImages/2008_002704.jpg,7
PF-dataset-PASCAL/JPEGImages/2008_002705.jpg,7
PF-dataset-PASCAL/JPEGImages/2008_002719.jpg,1
PF-dataset-PASCAL/JPEGImages/2008_002741.jpg,7
PF-dataset-PASCAL/JPEGImages/2008_002767.jpg,12
PF-dataset-PASCAL/JPEGImages/2008_002842.jpg,15
PF-dataset-PASCAL/JPEGImages/2008_002850.jpg,4
PF-dataset-PASCAL/JPEGImages/2008_002866.jpg,13
PF-dataset-PASCAL/JPEGImages/2008_002883.jpg,2
PF-dataset-PASCAL/JPEGImages/2008_002890.jpg,7
PF-dataset-PASCAL/JPEGImages/2008_002892.jpg,11
PF-dataset-PASCAL/JPEGImages/2008_002894.jpg,2
PF-dataset-PASCAL/JPEGImages/2008_002920.jpg,18
PF-dataset-PASCAL/JPEGImages/2008_002926.jpg,14
PF-dataset-PASCAL/JPEGImages/2008_002954.jpg,15
PF-dataset-PASCAL/JPEGImages/2008_002957.jpg,8
PF-dataset-PASCAL/JPEGImages/2008_002972.jpg,14
PF-dataset-PASCAL/JPEGImages/2008_003023.jpg,3
PF-dataset-PASCAL/JPEGImages/2008_003083.jpg,19
PF-dataset-PASCAL/JPEGImages/2008_003088.jpg,8
PF-dataset-PASCAL/JPEGImages/2008_003152.jpg,14
PF-dataset-PASCAL/JPEGImages/2008_003211.jpg,3
PF-dataset-PASCAL/JPEGImages/2008_003222.jpg,3
PF-dataset-PASCAL/JPEGImages/2008_003225.jpg,16
PF-dataset-PASCAL/JPEGImages/2008_003261.jpg,1
PF-dataset-PASCAL/JPEGImages/2008_003266.jpg,6
PF-dataset-PASCAL/JPEGImages/2008_003269.jpg,14
PF-dataset-PASCAL/JPEGImages/2008_003271.jpg,15
PF-dataset-PASCAL/JPEGImages/2008_003300.jpg,7
PF-dataset-PASCAL/JPEGImages/2008_003302.jpg,6
PF-dataset-PASCAL/JPEGImages/2008_003320.jpg,14
PF-dataset-PASCAL/JPEGImages/2008_003347.jpg,12
PF-dataset-PASCAL/JPEGImages/2008_003382.jpg,3
PF-dataset-PASCAL/JPEGImages/2008_003386.jpg,8
PF-dataset-PASCAL/JPEGImages/2008_003415.jpg,7
PF-dataset-PASCAL/JPEGImages/2008_003500.jpg,20
PF-dataset-PASCAL/JPEGImages/2008_003524.jpg,3
PF-dataset-PASCAL/JPEGImages/2008_003542.jpg,15
PF-dataset-PASCAL/JPEGImages/2008_003585.jpg,20
PF-dataset-PASCAL/JPEGImages/2008_003590.jpg,14
PF-dataset-PASCAL/JPEGImages/2008_003607.jpg,18
PF-dataset-PASCAL/JPEGImages/2008_003671.jpg,15
PF-dataset-PASCAL/JPEGImages/2008_003673.jpg,1
PF-dataset-PASCAL/JPEGImages/2008_003691.jpg,6
PF-dataset-PASCAL/JPEGImages/2008_003701.jpg,4
PF-dataset-PASCAL/JPEGImages/2008_003703.jpg,1
PF-dataset-PASCAL/JPEGImages/2008_003722.jpg,15
PF-dataset-PASCAL/JPEGImages/2008_003729.jpg,1
PF-dataset-PASCAL/JPEGImages/2008_003746.jpg,12
PF-dataset-PASCAL/JPEGImages/2008_003768.jpg,2
PF-dataset-PASCAL/JPEGImages/2008_003788.jpg,1
PF-dataset-PASCAL/JPEGImages/2008_003821.jpg,9
PF-dataset-PASCAL/JPEGImages/2008_003827.jpg,14
PF-dataset-PASCAL/JPEGImages/2008_003858.jpg,4
PF-dataset-PASCAL/JPEGImages/2008_003884.jpg,15
PF-dataset-PASCAL/JPEGImages/2008_003885.jpg,20
PF-dataset-PASCAL/JPEGImages/2008_003888.jpg,7
PF-dataset-PASCAL/JPEGImages/2008_003892.jpg,14
PF-dataset-PASCAL/JPEGImages/2008_003894.jpg,3
PF-dataset-PASCAL/JPEGImages/2008_003904.jpg,11
PF-dataset-PASCAL/JPEGImages/2008_003974.jpg,8
PF-dataset-PASCAL/JPEGImages/2008_003975.jpg,12
PF-dataset-PASCAL/JPEGImages/2008_003976.jpg,1
PF-dataset-PASCAL/JPEGImages/2008_004002.jpg,16
PF-dataset-PASCAL/JPEGImages/2008_004004.jpg,20
PF-dataset-PASCAL/JPEGImages/2008_004024.jpg,3
PF-dataset-PASCAL/JPEGImages/2008_004088.jpg,6
PF-dataset-PASCAL/JPEGImages/2008_004093.jpg,20
PF-dataset-PASCAL/JPEGImages/2008_004106.jpg,12
PF-dataset-PASCAL/JPEGImages/2008_004124.jpg,4
PF-dataset-PASCAL/JPEGImages/2008_004165.jpg,1
PF-dataset-PASCAL/JPEGImages/2008_004171.jpg,16
PF-dataset-PASCAL/JPEGImages/2008_004242.jpg,4
PF-dataset-PASCAL/JPEGImages/2008_004259.jpg,20
PF-dataset-PASCAL/JPEGImages/2008_004273.jpg,12
PF-dataset-PASCAL/JPEGImages/2008_004280.jpg,2
PF-dataset-PASCAL/JPEGImages/2008_004296.jpg,3
PF-dataset-PASCAL/JPEGImages/2008_004301.jpg,20
PF-dataset-PASCAL/JPEGImages/2008_004314.jpg,15
PF-dataset-PASCAL/JPEGImages/2008_004345.jpg,14
PF-dataset-PASCAL/JPEGImages/2008_004347.jpg,8
PF-dataset-PASCAL/JPEGImages/2008_004365.jpg,15
PF-dataset-PASCAL/JPEGImages/2008_004396.jpg,13
PF-dataset-PASCAL/JPEGImages/2008_004410.jpg,12
PF-dataset-PASCAL/JPEGImages/2008_004416.jpg,18
PF-dataset-PASCAL/JPEGImages/2008_004522.jpg,15
PF-dataset-PASCAL/JPEGImages/2008_004549.jpg,14
PF-dataset-PASCAL/JPEGImages/2008_004583.jpg,8
PF-dataset-PASCAL/JPEGImages/2008_004592.jpg,2
PF-dataset-PASCAL/JPEGImages/2008_004605.jpg,1
PF-dataset-PASCAL/JPEGImages/2008_004612.jpg,9
PF-dataset-PASCAL/JPEGImages/2008_004613.jpg,6
PF-dataset-PASCAL/JPEGImages/2008_004620.jpg,3
PF-dataset-PASCAL/JPEGImages/2008_004636.jpg,15
PF-dataset-PASCAL/JPEGImages/2008_004659.jpg,5
PF-dataset-PASCAL/JPEGImages/2008_004697.jpg,18
PF-dataset-PASCAL/JPEGImages/2008_004722.jpg,12
PF-dataset-PASCAL/JPEGImages/2008_004739.jpg,1
PF-dataset-PASCAL/JPEGImages/2008_004749.jpg,15
PF-dataset-PASCAL/JPEGImages/2008_004758.jpg,2
PF-dataset-PASCAL/JPEGImages/2008_004802.jpg,1
PF-dataset-PASCAL/JPEGImages/2008_004822.jpg,14
PF-dataset-PASCAL/JPEGImages/2008_004917.jpg,1
PF-dataset-PASCAL/JPEGImages/2008_004930.jpg,20
PF-dataset-PASCAL/JPEGImages/2008_004938.jpg,18
PF-dataset-PASCAL/JPEGImages/2008_005070.jpg,11
PF-dataset-PASCAL/JPEGImages/2008_005081.jpg,11
PF-dataset-PASCAL/JPEGImages/2008_005090.jpg,18
PF-dataset-PASCAL/JPEGImages/2008_005105.jpg,10
PF-dataset-PASCAL/JPEGImages/2008_005109.jpg,8
PF-dataset-PASCAL/JPEGImages/2008_005147.jpg,2
PF-dataset-PASCAL/JPEGImages/2008_005215.jpg,13
PF-dataset-PASCAL/JPEGImages/2008_005233.jpg,3
PF-dataset-PASCAL/JPEGImages/2008_005254.jpg,20
PF-dataset-PASCAL/JPEGImages/2008_005255.jpg,20
PF-dataset-PASCAL/JPEGImages/2008_005269.jpg,19
PF-dataset-PASCAL/JPEGImages/2008_005288.jpg,8
PF-dataset-PASCAL/JPEGImages/2008_005297.jpg,14
PF-dataset-PASCAL/JPEGImages/2008_005303.jpg,3
PF-dataset-PASCAL/JPEGImages/2008_005309.jpg,8
PF-dataset-PASCAL/JPEGImages/2008_005349.jpg,7
PF-dataset-PASCAL/JPEGImages/2008_005354.jpg,19
PF-dataset-PASCAL/JPEGImages/2008_005356.jpg,2
PF-dataset-PASCAL/JPEGImages/2008_005373.jpg,1
PF-dataset-PASCAL/JPEGImages/2008_005374.jpg,14
PF-dataset-PASCAL/JPEGImages/2008_005395.jpg,18
PF-dataset-PASCAL/JPEGImages/2008_005396.jpg,13
PF-dataset-PASCAL/JPEGImages/2008_005412.jpg,2
PF-dataset-PASCAL/JPEGImages/2008_005422.jpg,14
PF-dataset-PASCAL/JPEGImages/2008_005444.jpg,18
PF-dataset-PASCAL/JPEGImages/2008_005446.jpg,19
PF-dataset-PASCAL/JPEGImages/2008_005456.jpg,9
PF-dataset-PASCAL/JPEGImages/2008_005502.jpg,4
PF-dataset-PASCAL/JPEGImages/2008_005531.jpg,3
PF-dataset-PASCAL/JPEGImages/2008_005541.jpg,4
PF-dataset-PASCAL/JPEGImages/2008_005558.jpg,13
PF-dataset-PASCAL/JPEGImages/2008_005593.jpg,7
PF-dataset-PASCAL/JPEGImages/2008_005603.jpg,14
PF-dataset-PASCAL/JPEGImages/2008_005634.jpg,1
PF-dataset-PASCAL/JPEGImages/2008_005637.jpg,14
PF-dataset-PASCAL/JPEGImages/2008_005653.jpg,19
PF-dataset-PASCAL/JPEGImages/2008_005679.jpg,12
PF-dataset-PASCAL/JPEGImages/2008_005713.jpg,2
PF-dataset-PASCAL/JPEGImages/2008_005727.jpg,2
PF-dataset-PASCAL/JPEGImages/2008_005763.jpg,19
PF-dataset-PASCAL/JPEGImages/2008_005767.jpg,9
PF-dataset-PASCAL/JPEGImages/2008_005875.jpg,7
PF-dataset-PASCAL/JPEGImages/2008_005882.jpg,18
PF-dataset-PASCAL/JPEGImages/2008_005893.jpg,14
PF-dataset-PASCAL/JPEGImages/2008_005898.jpg,12
PF-dataset-PASCAL/JPEGImages/2008_005928.jpg,13
PF-dataset-PASCAL/JPEGImages/2008_005962.jpg,20
PF-dataset-PASCAL/JPEGImages/2008_005976.jpg,20
PF-dataset-PASCAL/JPEGImages/2008_005982.jpg,2
PF-dataset-PASCAL/JPEGImages/2008_005984.jpg,6
PF-dataset-PASCAL/JPEGImages/2008_006017.jpg,14
PF-dataset-PASCAL/JPEGImages/2008_006055.jpg,19
PF-dataset-PASCAL/JPEGImages/2008_006072.jpg,5
PF-dataset-PASCAL/JPEGImages/2008_006099.jpg,8
PF-dataset-PASCAL/JPEGImages/2008_006104.jpg,5
PF-dataset-PASCAL/JPEGImages/2008_006170.jpg,12
PF-dataset-PASCAL/JPEGImages/2008_006188.jpg,7
PF-dataset-PASCAL/JPEGImages/2008_006194.jpg,8
PF-dataset-PASCAL/JPEGImages/2008_006229.jpg,4
PF-dataset-PASCAL/JPEGImages/2008_006234.jpg,2
PF-dataset-PASCAL/JPEGImages/2008_006253.jpg,2
PF-dataset-PASCAL/JPEGImages/2008_006258.jpg,9
PF-dataset-PASCAL/JPEGImages/2008_006325.jpg,8
PF-dataset-PASCAL/JPEGImages/2008_006365.jpg,19
PF-dataset-PASCAL/JPEGImages/2008_006370.jpg,18
PF-dataset-PASCAL/JPEGImages/2008_006382.jpg,7
PF-dataset-PASCAL/JPEGImages/2008_006404.jpg,4
PF-dataset-PASCAL/JPEGImages/2008_006409.jpg,20
PF-dataset-PASCAL/JPEGImages/2008_006430.jpg,8
PF-dataset-PASCAL/JPEGImages/2008_006441.jpg,14
PF-dataset-PASCAL/JPEGImages/2008_006447.jpg,3
PF-dataset-PASCAL/JPEGImages/2008_006467.jpg,2
PF-dataset-PASCAL/JPEGImages/2008_006520.jpg,8
PF-dataset-PASCAL/JPEGImages/2008_006524.jpg,16
PF-dataset-PASCAL/JPEGImages/2008_006558.jpg,5
PF-dataset-PASCAL/JPEGImages/2008_006579.jpg,2
PF-dataset-PASCAL/JPEGImages/2008_006599.jpg,8
PF-dataset-PASCAL/JPEGImages/2008_006616.jpg,18
PF-dataset-PASCAL/JPEGImages/2008_006617.jpg,20
PF-dataset-PASCAL/JPEGImages/2008_006623.jpg,1
PF-dataset-PASCAL/JPEGImages/2008_006646.jpg,13
PF-dataset-PASCAL/JPEGImages/2008_006668.jpg,20
PF-dataset-PASCAL/JPEGImages/2008_006686.jpg,14
PF-dataset-PASCAL/JPEGImages/2008_006694.jpg,7
PF-dataset-PASCAL/JPEGImages/2008_006696.jpg,9
PF-dataset-PASCAL/JPEGImages/2008_006705.jpg,11
PF-dataset-PASCAL/JPEGImages/2008_006716.jpg,12
PF-dataset-PASCAL/JPEGImages/2008_006751.jpg,16
PF-dataset-PASCAL/JPEGImages/2008_006758.jpg,13
PF-dataset-PASCAL/JPEGImages/2008_006774.jpg,7
PF-dataset-PASCAL/JPEGImages/2008_006792.jpg,5
PF-dataset-PASCAL/JPEGImages/2008_006793.jpg,8
PF-dataset-PASCAL/JPEGImages/2008_006811.jpg,12
PF-dataset-PASCAL/JPEGImages/2008_006818.jpg,19
PF-dataset-PASCAL/JPEGImages/2008_006819.jpg,7
PF-dataset-PASCAL/JPEGImages/2008_006831.jpg,4
PF-dataset-PASCAL/JPEGImages/2008_006834.jpg,9
PF-dataset-PASCAL/JPEGImages/2008_006863.jpg,9
PF-dataset-PASCAL/JPEGImages/2008_006882.jpg,3
PF-dataset-PASCAL/JPEGImages/2008_006889.jpg,14
PF-dataset-PASCAL/JPEGImages/2008_006968.jpg,12
PF-dataset-PASCAL/JPEGImages/2008_006979.jpg,18
PF-dataset-PASCAL/JPEGImages/2008_006986.jpg,7
PF-dataset-PASCAL/JPEGImages/2008_007006.jpg,9
PF-dataset-PASCAL/JPEGImages/2008_007019.jpg,2
PF-dataset-PASCAL/JPEGImages/2008_007054.jpg,14
PF-dataset-PASCAL/JPEGImages/2008_007076.jpg,5
PF-dataset-PASCAL/JPEGImages/2008_007105.jpg,19
PF-dataset-PASCAL/JPEGImages/2008_007114.jpg,20
PF-dataset-PASCAL/JPEGImages/2008_007142.jpg,5
PF-dataset-PASCAL/JPEGImages/2008_007214.jpg,7
PF-dataset-PASCAL/JPEGImages/2008_007218.jpg,18
PF-dataset-PASCAL/JPEGImages/2008_007226.jpg,16
PF-dataset-PASCAL/JPEGImages/2008_007236.jpg,12
PF-dataset-PASCAL/JPEGImages/2008_007241.jpg,14
PF-dataset-PASCAL/JPEGImages/2008_007254.jpg,15
PF-dataset-PASCAL/JPEGImages/2008_007256.jpg,8
PF-dataset-PASCAL/JPEGImages/2008_007264.jpg,14
PF-dataset-PASCAL/JPEGImages/2008_007265.jpg,2
PF-dataset-PASCAL/JPEGImages/2008_007285.jpg,18
PF-dataset-PASCAL/JPEGImages/2008_007336.jpg,14
PF-dataset-PASCAL/JPEGImages/2008_007353.jpg,8
PF-dataset-PASCAL/JPEGImages/2008_007356.jpg,6
PF-dataset-PASCAL/JPEGImages/2008_007375.jpg,6
PF-dataset-PASCAL/JPEGImages/2008_007415.jpg,9
PF-dataset-PASCAL/JPEGImages/2008_007441.jpg,4
PF-dataset-PASCAL/JPEGImages/2008_007465.jpg,3
PF-dataset-PASCAL/JPEGImages/2008_007480.jpg,1
PF-dataset-PASCAL/JPEGImages/2008_007488.jpg,6
PF-dataset-PASCAL/JPEGImages/2008_007501.jpg,3
PF-dataset-PASCAL/JPEGImages/2008_007515.jpg,6
PF-dataset-PASCAL/JPEGImages/2008_007529.jpg,7
PF-dataset-PASCAL/JPEGImages/2008_007536.jpg,20
PF-dataset-PASCAL/JPEGImages/2008_007576.jpg,13
PF-dataset-PASCAL/JPEGImages/2008_007583.jpg,12
PF-dataset-PASCAL/JPEGImages/2008_007599.jpg,4
PF-dataset-PASCAL/JPEGImages/2008_007621.jpg,16
PF-dataset-PASCAL/JPEGImages/2008_007641.jpg,6
PF-dataset-PASCAL/JPEGImages/2008_007646.jpg,14
PF-dataset-PASCAL/JPEGImages/2008_007648.jpg,19
PF-dataset-PASCAL/JPEGImages/2008_007656.jpg,3
PF-dataset-PASCAL/JPEGImages/2008_007709.jpg,3
PF-dataset-PASCAL/JPEGImages/2008_007738.jpg,1
PF-dataset-PASCAL/JPEGImages/2008_007739.jpg,14
PF-dataset-PASCAL/JPEGImages/2008_007760.jpg,19
PF-dataset-PASCAL/JPEGImages/2008_007781.jpg,12
PF-dataset-PASCAL/JPEGImages/2008_007811.jpg,5
PF-dataset-PASCAL/JPEGImages/2008_007858.jpg,5
PF-dataset-PASCAL/JPEGImages/2008_007887.jpg,19
PF-dataset-PASCAL/JPEGImages/2008_007893.jpg,9
PF-dataset-PASCAL/JPEGImages/2008_007895.jpg,7
PF-dataset-PASCAL/JPEGImages/2008_007915.jpg,2
PF-dataset-PASCAL/JPEGImages/2008_007988.jpg,9
PF-dataset-PASCAL/JPEGImages/2008_008004.jpg,1
PF-dataset-PASCAL/JPEGImages/2008_008018.jpg,14
PF-dataset-PASCAL/JPEGImages/2008_008022.jpg,3
PF-dataset-PASCAL/JPEGImages/2008_008028.jpg,1
PF-dataset-PASCAL/JPEGImages/2008_008066.jpg,6
PF-dataset-PASCAL/JPEGImages/2008_008080.jpg,2
PF-dataset-PASCAL/JPEGImages/2008_008113.jpg,6
PF-dataset-PASCAL/JPEGImages/2008_008120.jpg,6
PF-dataset-PASCAL/JPEGImages/2008_008134.jpg,3
PF-dataset-PASCAL/JPEGImages/2008_008148.jpg,14
PF-dataset-PASCAL/JPEGImages/2008_008162.jpg,18
PF-dataset-PASCAL/JPEGImages/2008_008166.jpg,3
PF-dataset-PASCAL/JPEGImages/2008_008169.jpg,10
PF-dataset-PASCAL/JPEGImages/2008_008194.jpg,3
PF-dataset-PASCAL/JPEGImages/2008_008212.jpg,13
PF-dataset-PASCAL/JPEGImages/2008_008215.jpg,1
PF-dataset-PASCAL/JPEGImages/2008_008221.jpg,19
PF-dataset-PASCAL/JPEGImages/2008_008223.jpg,19
PF-dataset-PASCAL/JPEGImages/2008_008252.jpg,6
PF-dataset-PASCAL/JPEGImages/2008_008274.jpg,3
PF-dataset-PASCAL/JPEGImages/2008_008288.jpg,14
PF-dataset-PASCAL/JPEGImages/2008_008297.jpg,19
PF-dataset-PASCAL/JPEGImages/2008_008307.jpg,2
PF-dataset-PASCAL/JPEGImages/2008_008337.jpg,2
PF-dataset-PASCAL/JPEGImages/2008_008373.jpg,1
PF-dataset-PASCAL/JPEGImages/2008_008388.jpg,11
PF-dataset-PASCAL/JPEGImages/2008_008395.jpg,13
PF-dataset-PASCAL/JPEGImages/2008_008424.jpg,1
PF-dataset-PASCAL/JPEGImages/2008_008497.jpg,14
PF-dataset-PASCAL/JPEGImages/2008_008522.jpg,18
PF-dataset-PASCAL/JPEGImages/2008_008523.jpg,3
PF-dataset-PASCAL/JPEGImages/2008_008525.jpg,14
PF-dataset-PASCAL/JPEGImages/2008_008552.jpg,14
PF-dataset-PASCAL/JPEGImages/2008_008560.jpg,18
PF-dataset-PASCAL/JPEGImages/2008_008578.jpg,18
PF-dataset-PASCAL/JPEGImages/2008_008589.jpg,9
PF-dataset-PASCAL/JPEGImages/2008_008606.jpg,18
PF-dataset-PASCAL/JPEGImages/2008_008652.jpg,2
PF-dataset-PASCAL/JPEGImages/2008_008689.jpg,16
PF-dataset-PASCAL/JPEGImages/2008_008694.jpg,9
PF-dataset-PASCAL/JPEGImages/2008_008700.jpg,5
PF-dataset-PASCAL/JPEGImages/2008_008711.jpg,2
PF-dataset-PASCAL/JPEGImages/2008_008732.jpg,19
PF-dataset-PASCAL/JPEGImages/2008_008748.jpg,6
PF-dataset-PASCAL/JPEGImages/2008_008749.jpg,19
PF-dataset-PASCAL/JPEGImages/2008_008753.jpg,2
PF-dataset-PASCAL/JPEGImages/2009_000006.jpg,6
PF-dataset-PASCAL/JPEGImages/2009_000027.jpg,6
PF-dataset-PASCAL/JPEGImages/2009_000060.jpg,6
PF-dataset-PASCAL/JPEGImages/2009_000074.jpg,14
PF-dataset-PASCAL/JPEGImages/2009_000089.jpg,6
PF-dataset-PASCAL/JPEGImages/2009_000100.jpg,13
PF-dataset-PASCAL/JPEGImages/2009_000104.jpg,6
PF-dataset-PASCAL/JPEGImages/2009_000109.jpg,11
PF-dataset-PASCAL/JPEGImages/2009_000130.jpg,5
PF-dataset-PASCAL/JPEGImages/2009_000140.jpg,6
PF-dataset-PASCAL/JPEGImages/2009_000149.jpg,2
PF-dataset-PASCAL/JPEGImages/2009_000158.jpg,16
PF-dataset-PASCAL/JPEGImages/2009_000184.jpg,14
PF-dataset-PASCAL/JPEGImages/2009_000188.jpg,11
PF-dataset-PASCAL/JPEGImages/2009_000199.jpg,6
PF-dataset-PASCAL/JPEGImages/2009_000216.jpg,20
PF-dataset-PASCAL/JPEGImages/2009_000242.jpg,18
PF-dataset-PASCAL/JPEGImages/2009_000249.jpg,8
PF-dataset-PASCAL/JPEGImages/2009_000341.jpg,14
PF-dataset-PASCAL/JPEGImages/2009_000344.jpg,2
PF-dataset-PASCAL/JPEGImages/2009_000347.jpg,19
PF-dataset-PASCAL/JPEGImages/2009_000370.jpg,3
PF-dataset-PASCAL/JPEGImages/2009_000402.jpg,14
PF-dataset-PASCAL/JPEGImages/2009_000408.jpg,6
PF-dataset-PASCAL/JPEGImages/2009_000445.jpg,2
PF-dataset-PASCAL/JPEGImages/2009_000461.jpg,2
PF-dataset-PASCAL/JPEGImages/2009_000493.jpg,8
PF-dataset-PASCAL/JPEGImages/2009_000502.jpg,11
PF-dataset-PASCAL/JPEGImages/2009_000526.jpg,16
PF-dataset-PASCAL/JPEGImages/2009_000550.jpg,12
PF-dataset-PASCAL/JPEGImages/2009_000563.jpg,18
PF-dataset-PASCAL/JPEGImages/2009_000567.jpg,9
PF-dataset-PASCAL/JPEGImages/2009_000573.jpg,2
PF-dataset-PASCAL/JPEGImages/2009_000575.jpg,11
PF-dataset-PASCAL/JPEGImages/2009_000576.jpg,13
PF-dataset-PASCAL/JPEGImages/2009_000585.jpg,20
PF-dataset-PASCAL/JPEGImages/2009_000586.jpg,12
PF-dataset-PASCAL/JPEGImages/2009_000590.jpg,9
PF-dataset-PASCAL/JPEGImages/2009_000611.jpg,14
PF-dataset-PASCAL/JPEGImages/2009_000624.jpg,9
PF-dataset-PASCAL/JPEGImages/2009_000632.jpg,10
PF-dataset-PASCAL/JPEGImages/2009_000634.jpg,2
PF-dataset-PASCAL/JPEGImages/2009_000653.jpg,18
PF-dataset-PASCAL/JPEGImages/2009_000658.jpg,19
PF-dataset-PASCAL/JPEGImages/2009_000723.jpg,4
PF-dataset-PASCAL/JPEGImages/2009_000756.jpg,2
PF-dataset-PASCAL/JPEGImages/2009_000794.jpg,9
PF-dataset-PASCAL/JPEGImages/2009_000797.jpg,5
PF-dataset-PASCAL/JPEGImages/2009_000811.jpg,11
PF-dataset-PASCAL/JPEGImages/2009_000817.jpg,1
PF-dataset-PASCAL/JPEGImages/2009_000830.jpg,4
PF-dataset-PASCAL/JPEGImages/2009_000839.jpg,12
PF-dataset-PASCAL/JPEGImages/2009_000882.jpg,14
PF-dataset-PASCAL/JPEGImages/2009_000889.jpg,7
PF-dataset-PASCAL/JPEGImages/2009_000945.jpg,6
PF-dataset-PASCAL/JPEGImages/2009_000953.jpg,12
PF-dataset-PASCAL/JPEGImages/2009_000955.jpg,8
PF-dataset-PASCAL/JPEGImages/2009_000970.jpg,8
PF-dataset-PASCAL/JPEGImages/2009_000981.jpg,20
PF-dataset-PASCAL/JPEGImages/2009_000985.jpg,2
PF-dataset-PASCAL/JPEGImages/2009_000990.jpg,6
PF-dataset-PASCAL/JPEGImages/2009_001044.jpg,6
PF-dataset-PASCAL/JPEGImages/2009_001057.jpg,8
PF-dataset-PASCAL/JPEGImages/2009_001069.jpg,20
PF-dataset-PASCAL/JPEGImages/2009_001096.jpg,15
PF-dataset-PASCAL/JPEGImages/2009_001133.jpg,12
PF-dataset-PASCAL/JPEGImages/2009_001135.jpg,14
PF-dataset-PASCAL/JPEGImages/2009_001146.jpg,18
PF-dataset-PASCAL/JPEGImages/2009_001151.jpg,14
PF-dataset-PASCAL/JPEGImages/2009_001154.jpg,15
PF-dataset-PASCAL/JPEGImages/2009_001159.jpg,6
PF-dataset-PASCAL/JPEGImages/2009_001180.jpg,13
PF-dataset-PASCAL/JPEGImages/2009_001237.jpg,6
PF-dataset-PASCAL/JPEGImages/2009_001259.jpg,19
PF-dataset-PASCAL/JPEGImages/2009_001332.jpg,1
PF-dataset-PASCAL/JPEGImages/2009_001333.jpg,19
PF-dataset-PASCAL/JPEGImages/2009_001344.jpg,1
PF-dataset-PASCAL/JPEGImages/2009_001354.jpg,6
PF-dataset-PASCAL/JPEGImages/2009_001366.jpg,6
PF-dataset-PASCAL/JPEGImages/2009_001431.jpg,9
PF-dataset-PASCAL/JPEGImages/2009_001435.jpg,1
PF-dataset-PASCAL/JPEGImages/2009_001440.jpg,18
PF-dataset-PASCAL/JPEGImages/2009_001452.jpg,20
PF-dataset-PASCAL/JPEGImages/2009_001456.jpg,2
PF-dataset-PASCAL/JPEGImages/2009_001475.jpg,10
PF-dataset-PASCAL/JPEGImages/2009_001481.jpg,2
PF-dataset-PASCAL/JPEGImages/2009_001484.jpg,8
PF-dataset-PASCAL/JPEGImages/2009_001502.jpg,8
PF-dataset-PASCAL/JPEGImages/2009_001507.jpg,9
PF-dataset-PASCAL/JPEGImages/2009_001522.jpg,8
PF-dataset-PASCAL/JPEGImages/2009_001589.jpg,12
PF-dataset-PASCAL/JPEGImages/2009_001591.jpg,7
PF-dataset-PASCAL/JPEGImages/2009_001593.jpg,5
PF-dataset-PASCAL/JPEGImages/2009_001627.jpg,16
PF-dataset-PASCAL/JPEGImages/2009_001638.jpg,14
PF-dataset-PASCAL/JPEGImages/2009_001640.jpg,5
PF-dataset-PASCAL/JPEGImages/2009_001671.jpg,19
PF-dataset-PASCAL/JPEGImages/2009_001674.jpg,6
PF-dataset-PASCAL/JPEGImages/2009_001675.jpg,6
PF-dataset-PASCAL/JPEGImages/2009_001676.jpg,9
PF-dataset-PASCAL/JPEGImages/2009_001677.jpg,14
PF-dataset-PASCAL/JPEGImages/2009_001683.jpg,3
PF-dataset-PASCAL/JPEGImages/2009_001695.jpg,2
PF-dataset-PASCAL/JPEGImages/2009_001704.jpg,2
PF-dataset-PASCAL/JPEGImages/2009_001706.jpg,12
PF-dataset-PASCAL/JPEGImages/2009_001744.jpg,7
PF-dataset-PASCAL/JPEGImages/2009_001746.jpg,18
PF-dataset-PASCAL/JPEGImages/2009_001806.jpg,9
PF-dataset-PASCAL/JPEGImages/2009_001816.jpg,6
PF-dataset-PASCAL/JPEGImages/2009_001818.jpg,5
PF-dataset-PASCAL/JPEGImages/2009_001822.jpg,6
PF-dataset-PASCAL/JPEGImages/2009_001840.jpg,2
PF-dataset-PASCAL/JPEGImages/2009_001847.jpg,6
PF-dataset-PASCAL/JPEGImages/2009_001885.jpg,12
PF-dataset-PASCAL/JPEGImages/2009_001902.jpg,12
PF-dataset-PASCAL/JPEGImages/2009_001910.jpg,6
PF-dataset-PASCAL/JPEGImages/2009_001916.jpg,12
PF-dataset-PASCAL/JPEGImages/2009_001922.jpg,11
PF-dataset-PASCAL/JPEGImages/2009_001952.jpg,12
PF-dataset-PASCAL/JPEGImages/2009_001967.jpg,6
PF-dataset-PASCAL/JPEGImages/2009_001973.jpg,14
PF-dataset-PASCAL/JPEGImages/2009_001975.jpg,16
PF-dataset-PASCAL/JPEGImages/2009_001984.jpg,14
PF-dataset-PASCAL/JPEGImages/2009_001988.jpg,7
PF-dataset-PASCAL/JPEGImages/2009_002056.jpg,3
PF-dataset-PASCAL/JPEGImages/2009_002066.jpg,6
PF-dataset-PASCAL/JPEGImages/2009_002073.jpg,7
PF-dataset-PASCAL/JPEGImages/2009_002077.jpg,14
PF-dataset-PASCAL/JPEGImages/2009_002087.jpg,2
PF-dataset-PASCAL/JPEGImages/2009_002104.jpg,8
PF-dataset-PASCAL/JPEGImages/2009_002111.jpg,11
PF-dataset-PASCAL/JPEGImages/2009_002117.jpg,7
PF-dataset-PASCAL/JPEGImages/2009_002126.jpg,6
PF-dataset-PASCAL/JPEGImages/2009_002128.jpg,6
PF-dataset-PASCAL/JPEGImages/2009_002129.jpg,14
PF-dataset-PASCAL/JPEGImages/2009_002144.jpg,19
PF-dataset-PASCAL/JPEGImages/2009_002152.jpg,6
PF-dataset-PASCAL/JPEGImages/2009_002194.jpg,2
PF-dataset-PASCAL/JPEGImages/2009_002245.jpg,17
PF-dataset-PASCAL/JPEGImages/2009_002252.jpg,9
PF-dataset-PASCAL/JPEGImages/2009_002265.jpg,19
PF-dataset-PASCAL/JPEGImages/2009_002291.jpg,19
PF-dataset-PASCAL/JPEGImages/2009_002295.jpg,2
PF-dataset-PASCAL/JPEGImages/2009_002299.jpg,7
PF-dataset-PASCAL/JPEGImages/2009_002302.jpg,12
PF-dataset-PASCAL/JPEGImages/2009_002328.jpg,11
PF-dataset-PASCAL/JPEGImages/2009_002374.jpg,9
PF-dataset-PASCAL/JPEGImages/2009_002400.jpg,2
PF-dataset-PASCAL/JPEGImages/2009_002401.jpg,2
PF-dataset-PASCAL/JPEGImages/2009_002415.jpg,9
PF-dataset-PASCAL/JPEGImages/2009_002432.jpg,1
PF-dataset-PASCAL/JPEGImages/2009_002436.jpg,6
PF-dataset-PASCAL/JPEGImages/2009_002438.jpg,2
PF-dataset-PASCAL/JPEGImages/2009_002443.jpg,11
PF-dataset-PASCAL/JPEGImages/2009_002457.jpg,6
PF-dataset-PASCAL/JPEGImages/2009_002475.jpg,5
PF-dataset-PASCAL/JPEGImages/2009_002517.jpg,6
PF-dataset-PASCAL/JPEGImages/2009_002532.jpg,6
PF-dataset-PASCAL/JPEGImages/2009_002535.jpg,6
PF-dataset-PASCAL/JPEGImages/2009_002568.jpg,19
PF-dataset-PASCAL/JPEGImages/2009_002613.jpg,11
PF-dataset-PASCAL/JPEGImages/2009_002616.jpg,19
PF-dataset-PASCAL/JPEGImages/2009_002621.jpg,6
PF-dataset-PASCAL/JPEGImages/2009_002625.jpg,1
PF-dataset-PASCAL/JPEGImages/2009_002632.jpg,7
PF-dataset-PASCAL/JPEGImages/2009_002649.jpg,5
PF-dataset-PASCAL/JPEGImages/2009_002688.jpg,11
PF-dataset-PASCAL/JPEGImages/2009_002689.jpg,19
PF-dataset-PASCAL/JPEGImages/2009_002705.jpg,20
PF-dataset-PASCAL/JPEGImages/2009_002708.jpg,10
PF-dataset-PASCAL/JPEGImages/2009_002713.jpg,18
PF-dataset-PASCAL/JPEGImages/2009_002717.jpg,18
PF-dataset-PASCAL/JPEGImages/2009_002734.jpg,19
PF-dataset-PASCAL/JPEGImages/2009_002755.jpg,9
PF-dataset-PASCAL/JPEGImages/2009_002763.jpg,14
PF-dataset-PASCAL/JPEGImages/2009_002764.jpg,2
PF-dataset-PASCAL/JPEGImages/2009_002807.jpg,15
PF-dataset-PASCAL/JPEGImages/2009_002817.jpg,16
PF-dataset-PASCAL/JPEGImages/2009_002835.jpg,2
PF-dataset-PASCAL/JPEGImages/2009_002837.jpg,8
PF-dataset-PASCAL/JPEGImages/2009_002843.jpg,6
PF-dataset-PASCAL/JPEGImages/2009_002867.jpg,19
PF-dataset-PASCAL/JPEGImages/2009_002897.jpg,4
PF-dataset-PASCAL/JPEGImages/2009_002902.jpg,14
PF-dataset-PASCAL/JPEGImages/2009_002908.jpg,12
PF-dataset-PASCAL/JPEGImages/2009_002928.jpg,2
PF-dataset-PASCAL/JPEGImages/2009_002967.jpg,20
PF-dataset-PASCAL/JPEGImages/2009_002980.jpg,5
PF-dataset-PASCAL/JPEGImages/2009_002982.jpg,19
PF-dataset-PASCAL/JPEGImages/2009_002990.jpg,7
PF-dataset-PASCAL/JPEGImages/2009_003003.jpg,5
PF-dataset-PASCAL/JPEGImages/2009_003005.jpg,1
PF-dataset-PASCAL/JPEGImages/2009_003018.jpg,6
PF-dataset-PASCAL/JPEGImages/2009_003022.jpg,19
PF-dataset-PASCAL/JPEGImages/2009_003031.jpg,7
PF-dataset-PASCAL/JPEGImages/2009_003066.jpg,1
PF-dataset-PASCAL/JPEGImages/2009_003095.jpg,12
PF-dataset-PASCAL/JPEGImages/2009_003109.jpg,3
PF-dataset-PASCAL/JPEGImages/2009_003115.jpg,11
PF-dataset-PASCAL/JPEGImages/2009_003118.jpg,8
PF-dataset-PASCAL/JPEGImages/2009_003143.jpg,8
PF-dataset-PASCAL/JPEGImages/2009_003185.jpg,19
PF-dataset-PASCAL/JPEGImages/2009_003193.jpg,2
PF-dataset-PASCAL/JPEGImages/2009_003222.jpg,8
PF-dataset-PASCAL/JPEGImages/2009_003224.jpg,2
PF-dataset-PASCAL/JPEGImages/2009_003241.jpg,12
PF-dataset-PASCAL/JPEGImages/2009_003273.jpg,3
PF-dataset-PASCAL/JPEGImages/2009_003278.jpg,1
PF-dataset-PASCAL/JPEGImages/2009_003299.jpg,19
PF-dataset-PASCAL/JPEGImages/2009_003304.jpg,6
PF-dataset-PASCAL/JPEGImages/2009_003333.jpg,19
PF-dataset-PASCAL/JPEGImages/2009_003360.jpg,7
PF-dataset-PASCAL/JPEGImages/2009_003372.jpg,1
PF-dataset-PASCAL/JPEGImages/2009_003381.jpg,2
PF-dataset-PASCAL/JPEGImages/2009_003383.jpg,6
PF-dataset-PASCAL/JPEGImages/2009_003396.jpg,1
PF-dataset-PASCAL/JPEGImages/2009_003406.jpg,7
PF-dataset-PASCAL/JPEGImages/2009_003411.jpg,14
PF-dataset-PASCAL/JPEGImages/2009_003422.jpg,6
PF-dataset-PASCAL/JPEGImages/2009_003430.jpg,17
PF-dataset-PASCAL/JPEGImages/2009_003447.jpg,6
PF-dataset-PASCAL/JPEGImages/2009_003456.jpg,1
PF-dataset-PASCAL/JPEGImages/2009_003461.jpg,6
PF-dataset-PASCAL/JPEGImages/2009_003467.jpg,12
PF-dataset-PASCAL/JPEGImages/2009_003469.jpg,2
PF-dataset-PASCAL/JPEGImages/2009_003489.jpg,8
PF-dataset-PASCAL/JPEGImages/2009_003500.jpg,7
PF-dataset-PASCAL/JPEGImages/2009_003513.jpg,12
PF-dataset-PASCAL/JPEGImages/2009_003517.jpg,5
PF-dataset-PASCAL/JPEGImages/2009_003519.jpg,2
PF-dataset-PASCAL/JPEGImages/2009_003524.jpg,1
PF-dataset-PASCAL/JPEGImages/2009_003543.jpg,19
PF-dataset-PASCAL/JPEGImages/2009_003549.jpg,7
PF-dataset-PASCAL/JPEGImages/2009_003555.jpg,6
PF-dataset-PASCAL/JPEGImages/2009_003562.jpg,5
PF-dataset-PASCAL/JPEGImages/2009_003589.jpg,7
PF-dataset-PASCAL/JPEGImages/2009_003592.jpg,6
PF-dataset-PASCAL/JPEGImages/2009_003601.jpg,8
PF-dataset-PASCAL/JPEGImages/2009_003614.jpg,6
PF-dataset-PASCAL/JPEGImages/2009_003627.jpg,12
PF-dataset-PASCAL/JPEGImages/2009_003635.jpg,1
PF-dataset-PASCAL/JPEGImages/2009_003636.jpg,6
PF-dataset-PASCAL/JPEGImages/2009_003638.jpg,19
PF-dataset-PASCAL/JPEGImages/2009_003647.jpg,8
PF-dataset-PASCAL/JPEGImages/2009_003677.jpg,9
PF-dataset-PASCAL/JPEGImages/2009_003679.jpg,16
PF-dataset-PASCAL/JPEGImages/2009_003697.jpg,16
PF-dataset-PASCAL/JPEGImages/2009_003708.jpg,12
PF-dataset-PASCAL/JPEGImages/2009_003710.jpg,6
PF-dataset-PASCAL/JPEGImages/2009_003722.jpg,14
PF-dataset-PASCAL/JPEGImages/2009_003743.jpg,14
PF-dataset-PASCAL/JPEGImages/2009_003768.jpg,13
PF-dataset-PASCAL/JPEGImages/2009_003775.jpg,13
PF-dataset-PASCAL/JPEGImages/2009_003781.jpg,6
PF-dataset-PASCAL/JPEGImages/2009_003814.jpg,7
PF-dataset-PASCAL/JPEGImages/2009_003820.jpg,14
PF-dataset-PASCAL/JPEGImages/2009_003832.jpg,2
PF-dataset-PASCAL/JPEGImages/2009_003847.jpg,8
PF-dataset-PASCAL/JPEGImages/2009_003879.jpg,12
PF-dataset-PASCAL/JPEGImages/2009_003916.jpg,6
PF-dataset-PASCAL/JPEGImages/2009_003938.jpg,19
PF-dataset-PASCAL/JPEGImages/2009_003951.jpg,19
PF-dataset-PASCAL/JPEGImages/2009_003958.jpg,5
PF-dataset-PASCAL/JPEGImages/2009_003974.jpg,7
PF-dataset-PASCAL/JPEGImages/2009_004052.jpg,6
PF-dataset-PASCAL/JPEGImages/2009_004055.jpg,6
PF-dataset-PASCAL/JPEGImages/2009_004078.jpg,4
PF-dataset-PASCAL/JPEGImages/2009_004093.jpg,14
PF-dataset-PASCAL/JPEGImages/2009_004117.jpg,14
PF-dataset-PASCAL/JPEGImages/2009_004121.jpg,2
PF-dataset-PASCAL/JPEGImages/2009_004157.jpg,8
PF-dataset-PASCAL/JPEGImages/2009_004170.jpg,19
PF-dataset-PASCAL/JPEGImages/2009_004191.jpg,16
PF-dataset-PASCAL/JPEGImages/2009_004202.jpg,14
PF-dataset-PASCAL/JPEGImages/2009_004248.jpg,8
PF-dataset-PASCAL/JPEGImages/2009_004255.jpg,19
PF-dataset-PASCAL/JPEGImages/2009_004258.jpg,6
PF-dataset-PASCAL/JPEGImages/2009_004261.jpg,8
PF-dataset-PASCAL/JPEGImages/2009_004298.jpg,18
PF-dataset-PASCAL/JPEGImages/2009_004303.jpg,2
PF-dataset-PASCAL/JPEGImages/2009_004327.jpg,7
PF-dataset-PASCAL/JPEGImages/2009_004444.jpg,2
PF-dataset-PASCAL/JPEGImages/2009_004449.jpg,18
PF-dataset-PASCAL/JPEGImages/2009_004457.jpg,18
PF-dataset-PASCAL/JPEGImages/2009_004502.jpg,14
PF-dataset-PASCAL/JPEGImages/2009_004504.jpg,8
PF-dataset-PASCAL/JPEGImages/2009_004551.jpg,2
PF-dataset-PASCAL/JPEGImages/2009_004559.jpg,19
PF-dataset-PASCAL/JPEGImages/2009_004561.jpg,2
PF-dataset-PASCAL/JPEGImages/2009_004594.jpg,7
PF-dataset-PASCAL/JPEGImages/2009_004616.jpg,11
PF-dataset-PASCAL/JPEGImages/2009_004642.jpg,2
PF-dataset-PASCAL/JPEGImages/2009_004674.jpg,18
PF-dataset-PASCAL/JPEGImages/2009_004718.jpg,9
PF-dataset-PASCAL/JPEGImages/2009_004719.jpg,20
PF-dataset-PASCAL/JPEGImages/2009_004746.jpg,9
PF-dataset-PASCAL/JPEGImages/2009_004756.jpg,14
PF-dataset-PASCAL/JPEGImages/2009_004766.jpg,19
PF-dataset-PASCAL/JPEGImages/2009_004768.jpg,17
PF-dataset-PASCAL/JPEGImages/2009_004796.jpg,8
PF-dataset-PASCAL/JPEGImages/2009_004797.jpg,2
PF-dataset-PASCAL/JPEGImages/2009_004798.jpg,7
PF-dataset-PASCAL/JPEGImages/2009_004812.jpg,1
PF-dataset-PASCAL/JPEGImages/2009_004822.jpg,2
PF-dataset-PASCAL/JPEGImages/2009_004855.jpg,12
PF-dataset-PASCAL/JPEGImages/2009_004914.jpg,2
PF-dataset-PASCAL/JPEGImages/2009_004921.jpg,9
PF-dataset-PASCAL/JPEGImages/2009_004934.jpg,2
PF-dataset-PASCAL/JPEGImages/2009_004942.jpg,13
PF-dataset-PASCAL/JPEGImages/2009_004953.jpg,8
PF-dataset-PASCAL/JPEGImages/2009_004962.jpg,6
PF-dataset-PASCAL/JPEGImages/2009_004999.jpg,8
PF-dataset-PASCAL/JPEGImages/2009_005033.jpg,8
PF-dataset-PASCAL/JPEGImages/2009_005060.jpg,6
PF-dataset-PASCAL/JPEGImages/2009_005081.jpg,10
PF-dataset-PASCAL/JPEGImages/2009_005104.jpg,7
PF-dataset-PASCAL/JPEGImages/2009_005145.jpg,11
PF-dataset-PASCAL/JPEGImages/2009_005162.jpg,12
PF-dataset-PASCAL/JPEGImages/2009_005163.jpg,9
PF-dataset-PASCAL/JPEGImages/2009_005178.jpg,2
PF-dataset-PASCAL/JPEGImages/2009_005191.jpg,3
PF-dataset-PASCAL/JPEGImages/2009_005220.jpg,19
PF-dataset-PASCAL/JPEGImages/2009_005262.jpg,3
PF-dataset-PASCAL/JPEGImages/2009_005263.jpg,9
PF-dataset-PASCAL/JPEGImages/2009_005287.jpg,19
PF-dataset-PASCAL/JPEGImages/2010_000001.jpg,8
PF-dataset-PASCAL/JPEGImages/2010_000014.jpg,12
PF-dataset-PASCAL/JPEGImages/2010_000026.jpg,12
PF-dataset-PASCAL/JPEGImages/2010_000027.jpg,14
PF-dataset-PASCAL/JPEGImages/2010_000035.jpg,14
PF-dataset-PASCAL/JPEGImages/2010_000036.jpg,7
PF-dataset-PASCAL/JPEGImages/2010_000082.jpg,12
PF-dataset-PASCAL/JPEGImages/2010_000090.jpg,9
PF-dataset-PASCAL/JPEGImages/2010_000097.jpg,18
PF-dataset-PASCAL/JPEGImages/2010_000120.jpg,15
PF-dataset-PASCAL/JPEGImages/2010_000152.jpg,12
PF-dataset-PASCAL/JPEGImages/2010_000157.jpg,8
PF-dataset-PASCAL/JPEGImages/2010_000170.jpg,12
PF-dataset-PASCAL/JPEGImages/2010_000175.jpg,8
PF-dataset-PASCAL/JPEGImages/2010_000202.jpg,16
PF-dataset-PASCAL/JPEGImages/2010_000250.jpg,1
PF-dataset-PASCAL/JPEGImages/2010_000256.jpg,18
PF-dataset-PASCAL/JPEGImages/2010_000276.jpg,12
PF-dataset-PASCAL/JPEGImages/2010_000362.jpg,12
PF-dataset-PASCAL/JPEGImages/2010_000382.jpg,4
PF-dataset-PASCAL/JPEGImages/2010_000395.jpg,12
PF-dataset-PASCAL/JPEGImages/2010_000401.jpg,2
PF-dataset-PASCAL/JPEGImages/2010_000458.jpg,8
PF-dataset-PASCAL/JPEGImages/2010_000490.jpg,14
PF-dataset-PASCAL/JPEGImages/2010_000557.jpg,2
PF-dataset-PASCAL/JPEGImages/2010_000573.jpg,6
PF-dataset-PASCAL/JPEGImages/2010_000712.jpg,8
PF-dataset-PASCAL/JPEGImages/2010_000788.jpg,12
PF-dataset-PASCAL/JPEGImages/2010_000791.jpg,8
PF-dataset-PASCAL/JPEGImages/2010_000815.jpg,8
PF-dataset-PASCAL/JPEGImages/2010_000822.jpg,17
PF-dataset-PASCAL/JPEGImages/2010_000829.jpg,2
PF-dataset-PASCAL/JPEGImages/2010_000846.jpg,12
PF-dataset-PASCAL/JPEGImages/2010_000898.jpg,2
PF-dataset-PASCAL/JPEGImages/2010_000908.jpg,7
PF-dataset-PASCAL/JPEGImages/2010_000991.jpg,14
PF-dataset-PASCAL/JPEGImages/2010_001009.jpg,12
PF-dataset-PASCAL/JPEGImages/2010_001077.jpg,13
PF-dataset-PASCAL/JPEGImages/2010_001183.jpg,2
PF-dataset-PASCAL/JPEGImages/2010_001206.jpg,6
PF-dataset-PASCAL/JPEGImages/2010_001242.jpg,12
PF-dataset-PASCAL/JPEGImages/2010_001292.jpg,8
PF-dataset-PASCAL/JPEGImages/2010_001331.jpg,8
PF-dataset-PASCAL/JPEGImages/2010_001402.jpg,8
PF-dataset-PASCAL/JPEGImages/2010_001426.jpg,1
PF-dataset-PASCAL/JPEGImages/2010_001457.jpg,8
PF-dataset-PASCAL/JPEGImages/2010_001503.jpg,13
PF-dataset-PASCAL/JPEGImages/2010_001529.jpg,12
PF-dataset-PASCAL/JPEGImages/2010_001544.jpg,8
PF-dataset-PASCAL/JPEGImages/2010_001555.jpg,8
PF-dataset-PASCAL/JPEGImages/2010_001638.jpg,7
PF-dataset-PASCAL/JPEGImages/2010_001644.jpg,12
PF-dataset-PASCAL/JPEGImages/2010_001650.jpg,6
PF-dataset-PASCAL/JPEGImages/2010_001690.jpg,20
PF-dataset-PASCAL/JPEGImages/2010_001698.jpg,5
PF-dataset-PASCAL/JPEGImages/2010_001709.jpg,12
PF-dataset-PASCAL/JPEGImages/2010_001717.jpg,16
PF-dataset-PASCAL/JPEGImages/2010_001785.jpg,11
PF-dataset-PASCAL/JPEGImages/2010_001796.jpg,17
PF-dataset-PASCAL/JPEGImages/2010_001808.jpg,6
PF-dataset-PASCAL/JPEGImages/2010_001885.jpg,8
PF-dataset-PASCAL/JPEGImages/2010_001923.jpg,14
PF-dataset-PASCAL/JPEGImages/2010_001951.jpg,19
PF-dataset-PASCAL/JPEGImages/2010_001957.jpg,8
PF-dataset-PASCAL/JPEGImages/2010_002094.jpg,20
PF-dataset-PASCAL/JPEGImages/2010_002102.jpg,6
PF-dataset-PASCAL/JPEGImages/2010_002203.jpg,6
PF-dataset-PASCAL/JPEGImages/2010_002211.jpg,2
PF-dataset-PASCAL/JPEGImages/2010_002216.jpg,4
PF-dataset-PASCAL/JPEGImages/2010_002248.jpg,12
PF-dataset-PASCAL/JPEGImages/2010_002251.jpg,14
PF-dataset-PASCAL/JPEGImages/2010_002369.jpg,19
PF-dataset-PASCAL/JPEGImages/2010_002452.jpg,14
PF-dataset-PASCAL/JPEGImages/2010_002479.jpg,8
PF-dataset-PASCAL/JPEGImages/2010_002485.jpg,8
PF-dataset-PASCAL/JPEGImages/2010_002575.jpg,9
PF-dataset-PASCAL/JPEGImages/2010_002577.jpg,1
PF-dataset-PASCAL/JPEGImages/2010_002667.jpg,19
PF-dataset-PASCAL/JPEGImages/2010_002721.jpg,11
PF-dataset-PASCAL/JPEGImages/2010_002722.jpg,19
PF-dataset-PASCAL/JPEGImages/2010_002758.jpg,6
PF-dataset-PASCAL/JPEGImages/2010_002824.jpg,12
PF-dataset-PASCAL/JPEGImages/2010_002891.jpg,8
PF-dataset-PASCAL/JPEGImages/2010_002976.jpg,8
PF-dataset-PASCAL/JPEGImages/2010_003011.jpg,10
PF-dataset-PASCAL/JPEGImages/2010_003024.jpg,7
PF-dataset-PASCAL/JPEGImages/2010_003040.jpg,6
PF-dataset-PASCAL/JPEGImages/2010_003060.jpg,12
PF-dataset-PASCAL/JPEGImages/2010_003117.jpg,4
PF-dataset-PASCAL/JPEGImages/2010_003138.jpg,12
PF-dataset-PASCAL/JPEGImages/2010_003157.jpg,11
PF-dataset-PASCAL/JPEGImages/2010_003200.jpg,14
PF-dataset-PASCAL/JPEGImages/2010_003380.jpg,13
PF-dataset-PASCAL/JPEGImages/2010_003390.jpg,16
PF-dataset-PASCAL/JPEGImages/2010_003469.jpg,14
PF-dataset-PASCAL/JPEGImages/2010_003561.jpg,7
PF-dataset-PASCAL/JPEGImages/2010_003562.jpg,6
PF-dataset-PASCAL/JPEGImages/2010_003635.jpg,14
PF-dataset-PASCAL/JPEGImages/2010_003688.jpg,20
PF-dataset-PASCAL/JPEGImages/2010_003773.jpg,8
PF-dataset-PASCAL/JPEGImages/2010_003811.jpg,2
PF-dataset-PASCAL/JPEGImages/2010_003818.jpg,8
PF-dataset-PASCAL/JPEGImages/2010_003826.jpg,12
PF-dataset-PASCAL/JPEGImages/2010_003837.jpg,12
PF-dataset-PASCAL/JPEGImages/2010_003857.jpg,20
PF-dataset-PASCAL/JPEGImages/2010_003912.jpg,2
PF-dataset-PASCAL/JPEGImages/2010_004059.jpg,7
PF-dataset-PASCAL/JPEGImages/2010_004104.jpg,8
PF-dataset-PASCAL/JPEGImages/2010_004182.jpg,2
PF-dataset-PASCAL/JPEGImages/2010_004224.jpg,16
PF-dataset-PASCAL/JPEGImages/2010_004228.jpg,13
PF-dataset-PASCAL/JPEGImages/2010_004252.jpg,3
PF-dataset-PASCAL/JPEGImages/2010_004283.jpg,10
PF-dataset-PASCAL/JPEGImages/2010_004312.jpg,1
PF-dataset-PASCAL/JPEGImages/2010_004320.jpg,8
PF-dataset-PASCAL/JPEGImages/2010_004322.jpg,10
PF-dataset-PASCAL/JPEGImages/2010_004351.jpg,13
PF-dataset-PASCAL/JPEGImages/2010_004355.jpg,14
PF-dataset-PASCAL/JPEGImages/2010_004422.jpg,14
PF-dataset-PASCAL/JPEGImages/2010_004537.jpg,2
PF-dataset-PASCAL/JPEGImages/2010_004559.jpg,3
PF-dataset-PASCAL/JPEGImages/2010_004604.jpg,19
PF-dataset-PASCAL/JPEGImages/2010_004654.jpg,7
PF-dataset-PASCAL/JPEGImages/2010_004680.jpg,5
PF-dataset-PASCAL/JPEGImages/2010_004751.jpg,11
PF-dataset-PASCAL/JPEGImages/2010_004766.jpg,14
PF-dataset-PASCAL/JPEGImages/2010_004808.jpg,8
PF-dataset-PASCAL/JPEGImages/2010_004813.jpg,9
PF-dataset-PASCAL/JPEGImages/2010_004831.jpg,2
PF-dataset-PASCAL/JPEGImages/2010_004894.jpg,14
PF-dataset-PASCAL/JPEGImages/2010_004954.jpg,8
PF-dataset-PASCAL/JPEGImages/2010_004982.jpg,16
PF-dataset-PASCAL/JPEGImages/2010_005019.jpg,13
PF-dataset-PASCAL/JPEGImages/2010_005093.jpg,2
PF-dataset-PASCAL/JPEGImages/2010_005100.jpg,14
PF-dataset-PASCAL/JPEGImages/2010_005116.jpg,2
PF-dataset-PASCAL/JPEGImages/2010_005118.jpg,6
PF-dataset-PASCAL/JPEGImages/2010_005130.jpg,19
PF-dataset-PASCAL/JPEGImages/2010_005133.jpg,20
PF-dataset-PASCAL/JPEGImages/2010_005193.jpg,18
PF-dataset-PASCAL/JPEGImages/2010_005199.jpg,14
PF-dataset-PASCAL/JPEGImages/2010_005201.jpg,12
PF-dataset-PASCAL/JPEGImages/2010_005211.jpg,2
PF-dataset-PASCAL/JPEGImages/2010_005284.jpg,6
PF-dataset-PASCAL/JPEGImages/2010_005346.jpg,14
PF-dataset-PASCAL/JPEGImages/2010_005366.jpg,14
PF-dataset-PASCAL/JPEGImages/2010_005377.jpg,7
PF-dataset-PASCAL/JPEGImages/2010_005386.jpg,8
PF-dataset-PASCAL/JPEGImages/2010_005429.jpg,14
PF-dataset-PASCAL/JPEGImages/2010_005457.jpg,6
PF-dataset-PASCAL/JPEGImages/2010_005475.jpg,12
PF-dataset-PASCAL/JPEGImages/2010_005532.jpg,18
PF-dataset-PASCAL/JPEGImages/2010_005546.jpg,7
PF-dataset-PASCAL/JPEGImages/2010_005556.jpg,2
PF-dataset-PASCAL/JPEGImages/2010_005692.jpg,18
PF-dataset-PASCAL/JPEGImages/2010_005770.jpg,18
PF-dataset-PASCAL/JPEGImages/2010_005784.jpg,13
PF-dataset-PASCAL/JPEGImages/2010_005800.jpg,9
PF-dataset-PASCAL/JPEGImages/2010_005860.jpg,7
PF-dataset-PASCAL/JPEGImages/2010_005865.jpg,11
PF-dataset-PASCAL/JPEGImages/2010_005868.jpg,7
PF-dataset-PASCAL/JPEGImages/2010_005876.jpg,14
PF-dataset-PASCAL/JPEGImages/2010_005909.jpg,2
PF-dataset-PASCAL/JPEGImages/2010_005952.jpg,5
PF-dataset-PASCAL/JPEGImages/2010_005982.jpg,9
PF-dataset-PASCAL/JPEGImages/2010_006031.jpg,2
PF-dataset-PASCAL/JPEGImages/2010_006034.jpg,1
PF-dataset-PASCAL/JPEGImages/2010_006056.jpg,11
PF-dataset-PASCAL/JPEGImages/2010_006066.jpg,12
PF-dataset-PASCAL/JPEGImages/2010_006070.jpg,2
PF-dataset-PASCAL/JPEGImages/2011_000034.jpg,14
PF-dataset-PASCAL/JPEGImages/2011_000048.jpg,6
PF-dataset-PASCAL/JPEGImages/2011_000053.jpg,14
PF-dataset-PASCAL/JPEGImages/2011_000060.jpg,14
PF-dataset-PASCAL/JPEGImages/2011_000086.jpg,7
PF-dataset-PASCAL/JPEGImages/2011_000124.jpg,9
PF-dataset-PASCAL/JPEGImages/2011_000239.jpg,6
PF-dataset-PASCAL/JPEGImages/2011_000258.jpg,6
PF-dataset-PASCAL/JPEGImages/2011_000267.jpg,6
PF-dataset-PASCAL/JPEGImages/2011_000397.jpg,14
PF-dataset-PASCAL/JPEGImages/2011_000434.jpg,18
PF-dataset-PASCAL/JPEGImages/2011_000468.jpg,16
PF-dataset-PASCAL/JPEGImages/2011_000558.jpg,19
PF-dataset-PASCAL/JPEGImages/2011_000767.jpg,6
PF-dataset-PASCAL/JPEGImages/2011_000772.jpg,12
PF-dataset-PASCAL/JPEGImages/2011_000784.jpg,10
PF-dataset-PASCAL/JPEGImages/2011_000874.jpg,1
PF-dataset-PASCAL/JPEGImages/2011_000901.jpg,6
PF-dataset-PASCAL/JPEGImages/2011_000950.jpg,2
PF-dataset-PASCAL/JPEGImages/2011_000979.jpg,19
PF-dataset-PASCAL/JPEGImages/2011_001005.jpg,18
PF-dataset-PASCAL/JPEGImages/2011_001040.jpg,14
PF-dataset-PASCAL/JPEGImages/2011_001138.jpg,2
PF-dataset-PASCAL/JPEGImages/2011_001253.jpg,13
PF-dataset-PASCAL/JPEGImages/2011_001255.jpg,6
PF-dataset-PASCAL/JPEGImages/2011_001270.jpg,6
PF-dataset-PASCAL/JPEGImages/2011_001341.jpg,6
PF-dataset-PASCAL/JPEGImages/2011_001344.jpg,12
PF-dataset-PASCAL/JPEGImages/2011_001369.jpg,16
PF-dataset-PASCAL/JPEGImages/2011_001407.jpg,1
PF-dataset-PASCAL/JPEGImages/2011_001479.jpg,6
PF-dataset-PASCAL/JPEGImages/2011_001508.jpg,14
PF-dataset-PASCAL/JPEGImages/2011_001536.jpg,6
PF-dataset-PASCAL/JPEGImages/2011_001547.jpg,18
PF-dataset-PASCAL/JPEGImages/2011_001572.jpg,8
PF-dataset-PASCAL/JPEGImages/2011_001605.jpg,14
PF-dataset-PASCAL/JPEGImages/2011_001611.jpg,16
PF-dataset-PASCAL/JPEGImages/2011_001739.jpg,18
PF-dataset-PASCAL/JPEGImages/2011_001741.jpg,19
PF-dataset-PASCAL/JPEGImages/2011_001926.jpg,20
PF-dataset-PASCAL/JPEGImages/2011_001964.jpg,6
PF-dataset-PASCAL/JPEGImages/2011_002006.jpg,2
PF-dataset-PASCAL/JPEGImages/2011_002022.jpg,16
PF-dataset-PASCAL/JPEGImages/2011_002114.jpg,1
PF-dataset-PASCAL/JPEGImages/2011_002147.jpg,11
PF-dataset-PASCAL/JPEGImages/2011_002156.jpg,12
PF-dataset-PASCAL/JPEGImages/2011_002184.jpg,18
PF-dataset-PASCAL/JPEGImages/2011_002218.jpg,20
PF-dataset-PASCAL/JPEGImages/2011_002234.jpg,7
PF-dataset-PASCAL/JPEGImages/2011_002241.jpg,11
PF-dataset-PASCAL/JPEGImages/2011_002346.jpg,1
PF-dataset-PASCAL/JPEGImages/2011_002380.jpg,1
PF-dataset-PASCAL/JPEGImages/2011_002410.jpg,7
PF-dataset-PASCAL/JPEGImages/2011_002453.jpg,16
PF-dataset-PASCAL/JPEGImages/2011_002629.jpg,6
PF-dataset-PASCAL/JPEGImages/2011_002687.jpg,6
PF-dataset-PASCAL/JPEGImages/2011_002713.jpg,2
PF-dataset-PASCAL/JPEGImages/2011_002786.jpg,14
PF-dataset-PASCAL/JPEGImages/2011_002790.jpg,7
PF-dataset-PASCAL/JPEGImages/2011_002811.jpg,15
PF-dataset-PASCAL/JPEGImages/2011_002821.jpg,19
PF-dataset-PASCAL/JPEGImages/2011_002823.jpg,12
PF-dataset-PASCAL/JPEGImages/2011_002833.jpg,12
PF-dataset-PASCAL/JPEGImages/2011_002921.jpg,14
PF-dataset-PASCAL/JPEGImages/2011_003055.jpg,7
PF-dataset-PASCAL/JPEGImages/2011_003063.jpg,14
PF-dataset-PASCAL/JPEGImages/2011_003089.jpg,6
PF-dataset-PASCAL/JPEGImages/2011_003114.jpg,6
PF-dataset-PASCAL/JPEGImages/2011_003163.jpg,3
